{
  "artifacts_root": "C:\\Users\\shiva\\School Stuff\\NeuroHack V2\\artifacts\\runtime_v1",
  "channel_names": [
    "F7",
    "F3",
    "F4",
    "F8",
    "P7",
    "P8",
    "O1",
    "O2"
  ],
  "completed_at_epoch": 1774185930.5325086,
  "phases": {
    "focused": {
      "accepted": true,
      "accepted_windows": 10,
      "concentration_quantiles": {
        "p10": 2.2120269043608696e-07,
        "p50": 0.0007352023619995754,
        "p90": 0.6440183541767351
      },
      "feature_anchors": {
        "f3_alpha": 0.10665777764238002,
        "f3_beta": 0.11642483817552127,
        "f3_engagement_index": 0.13142141581140188,
        "f3_theta": 0.004078396382900558,
        "f4_alpha": 0.11380078421044262,
        "f4_beta": 0.13580895169583257,
        "f4_engagement_index": 0.14406981343823577,
        "f4_theta": 0.0040318037331581276,
        "f7_alpha": 0.1277674272517926,
        "f7_beta": 0.11699293586414475,
        "f7_engagement_index": 0.11118343213015289,
        "f7_theta": 0.0037640132050813734,
        "f8_alpha": 0.11257316624948466,
        "f8_beta": 0.1462034515131233,
        "f8_engagement_index": 0.1577401379336005,
        "f8_theta": 0.003284672335855721,
        "frontal_alpha_asymmetry": 0.030368479204850085,
        "o1_alpha": 0.34242701889394334,
        "o1_beta": 0.09540617802450246,
        "o1_theta": 0.00794768694795885,
        "o2_alpha": 0.25126023470227005,
        "o2_beta": 0.058417210934148936,
        "o2_theta": 0.005411822972113134,
        "p7_alpha": 0.2599813556531022,
        "p7_beta": 0.1052637875110249,
        "p7_theta": 0.0030058743427425127,
        "p8_alpha": 0.24278770719807474,
        "p8_beta": 0.11783347623903455,
        "p8_theta": 0.004013303021744731
      },
      "modifier_level": 3,
      "modifiers": {
        "generator_concentration": 0.94,
        "generator_stress": 0.12,
        "modifier_level": 3,
        "task_step": 9
      },
      "notes": [
        "modifier_increased_to_1",
        "modifier_increased_to_2",
        "modifier_increased_to_3"
      ],
      "phase_name": "focused",
      "quality_mean": 1.0,
      "session_file": "C:\\Users\\shiva\\School Stuff\\NeuroHack V2\\artifacts\\runtime_v1\\users\\demo_setup\\sessions\\session_37d5d0045f77\\phase_focused.npz",
      "stability_score": 0.5,
      "stress_quantiles": {
        "p10": 0.3127656560846561,
        "p50": 0.34308535052910055,
        "p90": 0.3476839327801828
      },
      "target_state": "focused",
      "total_windows": 20
    },
    "idle": {
      "accepted": true,
      "accepted_windows": 8,
      "concentration_quantiles": {
        "p10": 0.0022333380965386305,
        "p50": 0.0034496305797845437,
        "p90": 0.007817385060182298
      },
      "feature_anchors": {
        "f3_alpha": 0.03342192318023715,
        "f3_beta": 0.012591966273819932,
        "f3_engagement_index": 0.032371973236303114,
        "f3_theta": 0.015200252945324302,
        "f4_alpha": 0.02086279142724035,
        "f4_beta": 0.011050448254778364,
        "f4_engagement_index": 0.02703342386495558,
        "f4_theta": 0.030233438142034937,
        "f7_alpha": 0.022381141796926966,
        "f7_beta": 0.016487283459815216,
        "f7_engagement_index": 0.0602686190161722,
        "f7_theta": 0.011814273099237937,
        "f8_alpha": 0.011493820334129608,
        "f8_beta": 0.012455489029959941,
        "f8_engagement_index": 0.04662629880430924,
        "f8_theta": 0.021897981474533347,
        "frontal_alpha_asymmetry": -0.0825954786301682,
        "o1_alpha": 0.05322315219056324,
        "o1_beta": 0.005745263195401448,
        "o1_theta": 0.0052211516271268585,
        "o2_alpha": 0.042957504062831345,
        "o2_beta": 0.006119975729283352,
        "o2_theta": 0.015957914760409905,
        "p7_alpha": 0.06376973094555041,
        "p7_beta": 0.009409975847474635,
        "p7_theta": 0.011757849897905221,
        "p8_alpha": 0.058019211373344294,
        "p8_beta": 0.00733377548829955,
        "p8_theta": 0.005921837454895428
      },
      "modifier_level": 0,
      "modifiers": {
        "generator_concentration": 0.05,
        "generator_stress": 0.15,
        "modifier_level": 0
      },
      "notes": [],
      "phase_name": "idle",
      "quality_mean": 1.0,
      "session_file": "C:\\Users\\shiva\\School Stuff\\NeuroHack V2\\artifacts\\runtime_v1\\users\\demo_setup\\sessions\\session_37d5d0045f77\\phase_idle.npz",
      "stability_score": 1.0,
      "stress_quantiles": {
        "p10": 0.39343559668109657,
        "p50": 0.4350853505291006,
        "p90": 0.4527831904761905
      },
      "target_state": "idle",
      "total_windows": 8
    },
    "recovery": {
      "accepted": true,
      "accepted_windows": 6,
      "concentration_quantiles": {
        "p10": 0.0012402491413705092,
        "p50": 0.0017490691034018559,
        "p90": 0.0024336750510770863
      },
      "feature_anchors": {
        "f3_alpha": 0.04299264069995302,
        "f3_beta": 0.016277814641704642,
        "f3_engagement_index": 0.035091135304612164,
        "f3_theta": 0.0149914288535233,
        "f4_alpha": 0.05699513484249186,
        "f4_beta": 0.014485155417680261,
        "f4_engagement_index": 0.024720995245777116,
        "f4_theta": 0.016248050118652862,
        "f7_alpha": 0.04255106853251606,
        "f7_beta": 0.019418158676028748,
        "f7_engagement_index": 0.04625234059906554,
        "f7_theta": 0.00992778557660188,
        "f8_alpha": 0.05848498972454788,
        "f8_beta": 0.025105269222549926,
        "f8_engagement_index": 0.04591768027360406,
        "f8_theta": 0.009858154661661945,
        "frontal_alpha_asymmetry": 0.08005978199848496,
        "o1_alpha": 0.17215431460916067,
        "o1_beta": 0.010336183658198621,
        "o1_theta": 0.004532916514192633,
        "o2_alpha": 0.1152901791833025,
        "o2_beta": 0.011482514826986768,
        "o2_theta": 0.005242768983169527,
        "p7_alpha": 0.05096258161600556,
        "p7_beta": 0.010904028193057849,
        "p7_theta": 0.006625216598056708,
        "p8_alpha": 0.05711456326129857,
        "p8_beta": 0.01340239398166952,
        "p8_theta": 0.013446794898781537
      },
      "modifier_level": 0,
      "modifiers": {
        "generator_concentration": 0.15,
        "generator_stress": 0.1,
        "modifier_level": 0
      },
      "notes": [],
      "phase_name": "recovery",
      "quality_mean": 1.0,
      "session_file": "C:\\Users\\shiva\\School Stuff\\NeuroHack V2\\artifacts\\runtime_v1\\users\\demo_setup\\sessions\\session_37d5d0045f77\\phase_recovery.npz",
      "stability_score": 1.0,
      "stress_quantiles": {
        "p10": 0.31408185185185183,
        "p50": 0.4097874007936507,
        "p90": 0.43400878968253964
      },
      "target_state": "recovery",
      "total_windows": 6
    },
    "rest": {
      "accepted": true,
      "accepted_windows": 11,
      "concentration_quantiles": {
        "p10": 0.0005471967713003631,
        "p50": 0.0009937982480569645,
        "p90": 0.0016553705258238068
      },
      "feature_anchors": {
        "f3_alpha": 0.03619491333700632,
        "f3_beta": 0.020219451757412066,
        "f3_engagement_index": 0.04736494532574331,
        "f3_theta": 0.017165888671622297,
        "f4_alpha": 0.009802163732049791,
        "f4_beta": 0.02128758633225816,
        "f4_engagement_index": 0.08265766333619613,
        "f4_theta": 0.022390233005676878,
        "f7_alpha": 0.04905386440533334,
        "f7_beta": 0.016173391055959472,
        "f7_engagement_index": 0.03657643465341345,
        "f7_theta": 0.006218714815459131,
        "f8_alpha": 0.022079760344963447,
        "f8_beta": 0.022703501422426085,
        "f8_engagement_index": 0.07879604668602481,
        "f8_theta": 0.013936484088103959,
        "frontal_alpha_asymmetry": -0.17880602481922303,
        "o1_alpha": 0.08201226416926143,
        "o1_beta": 0.008714348170778461,
        "o1_theta": 0.005747868066644454,