{
  "accuracy": 0.18294153104279687,
  "confusion_matrix": [
    [
      139,
      1071,
      447,
      2
    ],
    [
      0,
      0,
      0,
      0
    ],
    [
      24,
      216,
      456,
      15
    ],
    [
      0,
      224,
      712,
      12
    ]
  ],
  "macro_f1": 0.14230850041548762,
  "mae": 0.2590095026334704,
  "per_subject": [
    {
      "accuracy": 0.010548523206751054,
      "confusion_matrix": [
        [
          5,
          232,
          0,
          0
        ],
        [
          0,
          0,
          0,
          0
        ],
        [
          0,
          0,
          0,
          0
        ],
        [
          0,
          155,
          82,
          0
        ]
      ],
      "macro_f1": 0.010330578512396695,
      "mae": 0.2874255799188895,
      "quadratic_weighted_kappa": 0.2184100418410042,
      "rating_level_accuracy": 0.36075949367088606,
      "rating_level_confusion_matrix": [
        [
          171,
          66,
          0
        ],
        [
          0,
          0,
          0
        ],
        [
          17,
          220,
          0
        ]
      ],
      "spearman": 0.7789759270683193,
      "subject_id": "sub01"
    },
    {
      "accuracy": 0.7236286919831224,
      "confusion_matrix": [
        [
          128,
          104,
          5,
          0
        ],
        [
          0,
          0,
          0,
          0
        ],
        [
          0,
          10,
          215,
          12
        ],
        [
          0,
          0,
          0,
          0
        ]
      ],
      "macro_f1": 0.41057222505320584,
      "mae": 0.13801316291557328,
      "quadratic_weighted_kappa": 0.832183908045977,
      "rating_level_accuracy": 0.7067510548523207,
      "rating_level_confusion_matrix": [
        [
          213,
          24,
          0
        ],
        [
          1,
          122,
          114
        ],
        [
          0,
          0,
          0
        ]
      ],
      "spearman": 0.8612168390288604,
      "subject_id": "sub12"
    },
    {
      "accuracy": 0.004219409282700422,
      "confusion_matrix": [
        [
          0,
          216,
          21,
          0
        ],
        [
          0,
          0,
          0,
          0
        ],
        [
          0,
          0,
          0,
          0
        ],
        [
          0,
          9,
          226,
          2
        ]
      ],
      "macro_f1": 0.0041841004184100415,
      "mae": 0.15761382374833324,
      "quadratic_weighted_kappa": 0.5273338940285954,
      "rating_level_accuracy": 0.4810126582278481,
      "rating_level_confusion_matrix": [
        [
          111,
          126,
          0
        ],
        [
          0,
          0,
          0
        ],
        [
          0,
          120,
          117
        ]
      ],
      "spearman": 0.8363934666523192,
      "subject_id": "sub13"
    },
    {
      "accuracy": 0.4810126582278481,
      "confusion_matrix": [
        [
          0,
          27,
          208,
          2
        ],
        [
          0,
          0,
          0,
          0
        ],
        [
          0,
          6,
          228,
          3
        ],
        [
          0,
          0,
          0,
          0
        ]
      ],
      "macro_f1": 0.16939078751857356,
      "mae": 0.3490051261230956,
      "quadratic_weighted_kappa": 0.047311827956989294,
      "rating_level_accuracy": 0.2721518987341772,
      "rating_level_confusion_matrix": [
        [
          2,
          158,
          77
        ],
        [
          0,
          127,
          110
        ],
        [
          0,
          0,
          0
        ]
      ],
      "spearman": 0.25219621239943196,
      "subject_id": "sub15"
    },
    {
      "accuracy": 0.023206751054852322,
      "confusion_matrix": [
        [
          1,
          166,
          70,
          0
        ],
        [
          0,
          0,
          0,
          0
        ],
        [
          0,
          0,
          0,
          0
        ],
        [
          0,
          30,
          197,
          10
        ]
      ],
      "macro_f1": 0.02234375531589154,
      "mae": 0.27831916458892725,
      "quadratic_weighted_kappa": 0.367854183927092,
      "rating_level_accuracy": 0.20253164556962025,
      "rating_level_confusion_matrix": [
        [
          7,
          229,
          1
        ],
        [
          0,
          0,
          0
        ],
        [
          1,
          147,
          89
        ]
      ],
      "spearman": 0.7007745949603583,
      "subject_id": "sub20"
    },
    {
      "accuracy": 0.029535864978902954,
      "confusion_matrix": [
        [
          1,
          165,
          71,
          0
        ],
        [
          0,
          0,
          0,
          0
        ],
        [
          24,
          200,
          13,
          0
        ],
        [
          0,
          0,
          0,
          0
        ]
      ],
      "macro_f1": 0.02954349084048734,
      "mae": 0.31895733365907414,
      "quadratic_weighted_kappa": -0.2778730703259005,
      "rating_level_accuracy": 0.3080168776371308,
      "rating_level_confusion_matrix": [
        [
          44,
          188,
          5
        ],
        [
          135,
          102,
          0
        ],
        [
          0,
          0,
          0
        ]
      ],
      "spearman": -0.5081698945083375,
      "subject_id": "sub23"
    },
    {
      "accuracy": 0.008438818565400843,
      "confusion_matrix": [
        [
          4,
          161,
          72,
          0
        ],
        [
          0,
          0,
          0,
          0
        ],
        [
          0,
          0,
          0,
          0
        ],
        [
          0,
          30,
          207,
          0
        ]
      ],
      "macro_f1": 0.008298755186721992,
      "mae": 0.2837323274803997,
      "quadratic_weighted_kappa": 0.3495389773679799,
      "rating_level_accuracy": 0.23628691983122363,
      "rating_level_confusion_matrix": [
        [
          42,
          189,
          6
        ],
        [
          0,
          0,
          0
        ],
        [
          2,
          165,
          70
        ]
      ],
      "spearman": 0.634321964561046,
      "subject_id": "sub36"
    }
  ],
  "quadratic_weighted_kappa": 0.3310295519542421,
  "quality_control": {
    "accepted_windows": 3318,
    "rejected_windows": 0,
    "rejection_rate": 0.0,
    "rejection_reasons": {},
    "total_windows": 3318
  },
  "rating_level_accuracy": 0.366787221217601,
  "rating_level_confusion_matrix": [
    [
      590,
      980,
      89
    ],
    [
      136,
      351,
      224
    ],
    [
      20,
      652,
      276
    ]
  ],
  "spearman": 0.4546486632633445
}