{
  "accuracy": 0.2857142857142857,
  "confusion_matrix": [
    [
      2,
      3,
      0,
      0
    ],
    [
      1,
      1,
      0,
      0
    ],
    [
      0,
      1,
      1,
      0
    ],
    [
      0,
      4,
      1,
      0
    ]
  ],
  "macro_f1": 0.29545454545454547,
  "mae": 0.24926403455063562,
  "per_subject": [
    {
      "accuracy": 0.0,
      "confusion_matrix": [
        [
          0,
          1,
          0,
          0
        ],
        [
          0,
          0,
          0,
          0
        ],
        [
          0,
          1,
          0,
          0
        ],
        [
          0,
          0,
          0,
          0
        ]
      ],
      "macro_f1": 0.0,
      "mae": 0.12270081451824857,
      "quadratic_weighted_kappa": 0.0,
      "rating_level_accuracy": 1.0,
      "rating_level_confusion_matrix": [
        [
          1,
          0,
          0
        ],
        [
          0,
          1,
          0
        ],
        [
          0,
          0,
          0
        ]
      ],
      "spearman": 0.9999999999999999,
      "subject_id": "sub02"
    },
    {
      "accuracy": 1.0,
      "confusion_matrix": [
        [
          1,
          0,
          0,
          0
        ],
        [
          0,
          0,
          0,
          0
        ],
        [
          0,
          0,
          1,
          0
        ],
        [
          0,
          0,
          0,
          0
        ]
      ],
      "macro_f1": 1.0,
      "mae": 0.09260144198667405,
      "quadratic_weighted_kappa": 1.0,
      "rating_level_accuracy": 1.0,
      "rating_level_confusion_matrix": [
        [
          1,
          0,
          0
        ],
        [
          0,
          1,
          0
        ],
        [
          0,
          0,
          0
        ]
      ],
      "spearman": 0.9999999999999999,
      "subject_id": "sub03"
    },
    {
      "accuracy": 0.5,
      "confusion_matrix": [
        [
          1,
          0,
          0,
          0
        ],
        [
          0,
          0,
          0,
          0
        ],
        [
          0,
          0,
          0,
          0
        ],
        [
          0,
          1,
          0,
          0
        ]
      ],
      "macro_f1": 0.3333333333333333,
      "mae": 0.2706975705124887,
      "quadratic_weighted_kappa": 0.6666666666666667,
      "rating_level_accuracy": 0.5,
      "rating_level_confusion_matrix": [
        [
          1,
          0,
          0
        ],
        [
          0,
          0,
          0
        ],
        [
          0,
          1,
          0
        ]
      ],
      "spearman": 0.9999999999999999,
      "subject_id": "sub09"
    },
    {
      "accuracy": 0.0,
      "confusion_matrix": [
        [
          0,
          1,
          0,
          0
        ],
        [
          0,
          0,
          0,
          0
        ],
        [
          0,
          0,
          0,
          0
        ],
        [
          0,
          0,
          1,
          0
        ]
      ],
      "macro_f1": 0.0,
      "mae": 0.17706884694214595,
      "quadratic_weighted_kappa": 0.6,
      "rating_level_accuracy": 0.5,
      "rating_level_confusion_matrix": [
        [
          1,
          0,
          0
        ],
        [
          0,
          0,
          0
        ],
        [
          0,
          1,
          0
        ]
      ],
      "spearman": 0.9999999999999999,
      "subject_id": "sub14"
    },
    {
      "accuracy": 0.5,
      "confusion_matrix": [
        [
          0,
          0,
          0,
          0
        ],
        [
          0,
          1,
          0,
          0
        ],
        [
          0,
          0,
          0,
          0
        ],
        [
          0,
          1,
          0,
          0
        ]
      ],
      "macro_f1": 0.3333333333333333,
      "mae": 0.30488856830181454,
      "quadratic_weighted_kappa": 0.0,
      "rating_level_accuracy": 0.5,
      "rating_level_confusion_matrix": [
        [
          1,
          0,
          0
        ],
        [
          0,
          0,
          0
        ],
        [
          0,
          1,
          0
        ]
      ],
      "spearman": 0.9999999999999999,
      "subject_id": "sub34"
    },
    {
      "accuracy": 0.0,
      "confusion_matrix": [
        [
          0,
          0,
          0,
          0
        ],
        [
          1,
          0,
          0,
          0
        ],
        [
          0,
          0,
          0,
          0
        ],
        [
          0,
          1,
          0,
          0
        ]
      ],
      "macro_f1": 0.0,
      "mae": 0.3022269748837075,
      "quadratic_weighted_kappa": 0.33333333333333337,
      "rating_level_accuracy": 0.5,
      "rating_level_confusion_matrix": [
        [
          1,
          0,
          0
        ],
        [
          0,
          0,
          0
        ],
        [
          0,
          1,
          0
        ]
      ],
      "spearman": 0.9999999999999999,
      "subject_id": "sub37"
    },
    {
      "accuracy": 0.0,
      "confusion_matrix": [
        [
          0,
          1,
          0,
          0
        ],
        [
          0,
          0,
          0,
          0
        ],
        [
          0,
          0,
          0,
          0
        ],
        [
          0,
          1,
          0,
          0
        ]
      ],
      "macro_f1": 0.0,
      "mae": 0.4746640247093702,
      "quadratic_weighted_kappa": 0.0,
      "rating_level_accuracy": 0.0,
      "rating_level_confusion_matrix": [
        [
          0,
          1,
          0
        ],
        [
          0,
          0,
          0
        ],
        [
          0,
          1,
          0
        ]
      ],
      "spearman": -0.9999999999999999,
      "subject_id": "sub47"
    }
  ],
  "quadratic_weighted_kappa": 0.33333333333333337,
  "rating_level_accuracy": 0.5714285714285714,
  "rating_level_confusion_matrix": [
    [
      6,
      1,
      0
    ],
    [
      0,
      2,
      0
    ],
    [
      0,
      5,
      0
    ]
  ],
  "spearman": 0.5268500309594519
}