{
  "accuracy": 0.30289330922242313,
  "confusion_matrix": [
    [
      422,
      515,
      234,
      14
    ],
    [
      135,
      324,
      15,
      0
    ],
    [
      16,
      228,
      225,
      5
    ],
    [
      13,
      709,
      429,
      34
    ]
  ],
  "macro_f1": 0.28657289976764916,
  "mae": 0.2717128571545851,
  "per_subject": [
    {
      "accuracy": 0.41561181434599154,
      "confusion_matrix": [
        [
          117,
          120,
          0,
          0
        ],
        [
          0,
          0,
          0,
          0
        ],
        [
          16,
          140,
          80,
          1
        ],
        [
          0,
          0,
          0,
          0
        ]
      ],
      "macro_f1": 0.28429107340779264,
      "mae": 0.1724820404604641,
      "quadratic_weighted_kappa": 0.5296671490593343,
      "rating_level_accuracy": 0.7573839662447257,
      "rating_level_confusion_matrix": [
        [
          209,
          28,
          0
        ],
        [
          66,
          150,
          21
        ],
        [
          0,
          0,
          0
        ]
      ],
      "spearman": 0.653594842848512,
      "subject_id": "sub02"
    },
    {
      "accuracy": 0.6497890295358649,
      "confusion_matrix": [
        [
          163,
          74,
          0,
          0
        ],
        [
          0,
          0,
          0,
          0
        ],
        [
          0,
          88,
          145,
          4
        ],
        [
          0,
          0,
          0,
          0
        ]
      ],
      "macro_f1": 0.3935405759162304,
      "mae": 0.12180683019201623,
      "quadratic_weighted_kappa": 0.7919799498746867,
      "rating_level_accuracy": 0.9219409282700421,
      "rating_level_confusion_matrix": [
        [
          228,
          9,
          0
        ],
        [
          3,
          209,
          25
        ],
        [
          0,
          0,
          0
        ]
      ],
      "spearman": 0.8615560646606356,
      "subject_id": "sub03"
    },
    {
      "accuracy": 0.2869198312236287,
      "confusion_matrix": [
        [
          136,
          100,
          1,
          0
        ],
        [
          0,
          0,
          0,
          0
        ],
        [
          0,
          0,
          0,
          0
        ],
        [
          6,
          201,
          30,
          0
        ]
      ],
      "macro_f1": 0.17941952506596306,
      "mae": 0.2859162584950617,
      "quadratic_weighted_kappa": 0.32471068754254595,
      "rating_level_accuracy": 0.47257383966244726,
      "rating_level_confusion_matrix": [
        [
          223,
          14,
          0
        ],
        [
          0,
          0,
          0
        ],
        [
          95,
          141,
          1
        ]
      ],
      "spearman": 0.6947614799126247,
      "subject_id": "sub09"
    },
    {
      "accuracy": 0.046413502109704644,
      "confusion_matrix": [
        [
          5,
          170,
          60,
          2
        ],
        [
          0,
          0,
          0,
          0
        ],
        [
          0,
          0,
          0,
          0
        ],
        [
          0,
          49,
          171,
          17
        ]
      ],
      "macro_f1": 0.043533703512396695,
      "mae": 0.21686307704534988,
      "quadratic_weighted_kappa": 0.35523114355231145,
      "rating_level_accuracy": 0.32489451476793246,
      "rating_level_confusion_matrix": [
        [
          78,
          152,
          7
        ],
        [
          0,
          0,
          0
        ],
        [
          7,
          154,
          76
        ]
      ],
      "spearman": 0.6092210637976863,
      "subject_id": "sub14"
    },
    {
      "accuracy": 0.459915611814346,
      "confusion_matrix": [
        [
          0,
          0,
          0,
          0
        ],
        [
          7,
          217,
          13,
          0
        ],
        [
          0,
          0,
          0,
          0
        ],
        [
          4,
          172,
          60,
          1
        ]
      ],
      "macro_f1": 0.17542352404220474,
      "mae": 0.3439705797933332,
      "quadratic_weighted_kappa": 0.1145374449339207,
      "rating_level_accuracy": 0.24050632911392406,
      "rating_level_confusion_matrix": [
        [
          109,
          128,
          0
        ],
        [
          0,
          0,
          0
        ],
        [
          54,
          178,
          5
        ]
      ],
      "spearman": 0.3163669427293479,
      "subject_id": "sub34"
    },
    {
      "accuracy": 0.22573839662447256,
      "confusion_matrix": [
        [
          0,
          0,
          0,
          0
        ],
        [
          128,
          107,
          2,
          0
        ],
        [
          0,
          0,
          0,
          0
        ],
        [
          2,
          209,
          26,
          0
        ]
      ],
      "macro_f1": 0.09674502712477397,
      "mae": 0.3062189056740545,
      "quadratic_weighted_kappa": 0.2290076335877863,
      "rating_level_accuracy": 0.43670886075949367,
      "rating_level_confusion_matrix": [
        [
          207,
          30,
          0
        ],
        [
          0,
          0,
          0
        ],
        [
          67,
          170,
          0
        ]
      ],
      "spearman": 0.6900126802870028,
      "subject_id": "sub37"
    },
    {
      "accuracy": 0.035864978902953586,
      "confusion_matrix": [
        [
          1,
          51,
          173,
          12
        ],
        [
          0,
          0,
          0,
          0
        ],
        [
          0,
          0,
          0,
          0
        ],
        [
          1,
          78,
          142,
          16
        ]
      ],
      "macro_f1": 0.03228072945448804,
      "mae": 0.45473230842181606,
      "quadratic_weighted_kappa": -0.055421686746987886,
      "rating_level_accuracy": 0.16666666666666666,
      "rating_level_confusion_matrix": [
        [
          6,
          160,
          71
        ],
        [
          0,
          0,
          0
        ],
        [
          21,
          143,
          73
        ]
      ],
      "spearman": -0.08244134912879884,
      "subject_id": "sub47"
    }
  ],
  "quadratic_weighted_kappa": 0.29581867917155136,
  "quality_control": {
    "accepted_windows": 3318,
    "rejected_windows": 0,
    "rejection_rate": 0.0,
    "rejection_reasons": {},
    "total_windows": 3318
  },
  "rating_level_accuracy": 0.4743821579264617,
  "rating_level_confusion_matrix": [
    [
      1060,
      521,
      78
    ],
    [
      69,
      359,
      46
    ],
    [
      244,
      786,
      155
    ]
  ],
  "spearman": 0.40435938182639214
}