{
  "accuracy": 0.2857142857142857,
  "confusion_matrix": [
    [
      1,
      3,
      1,
      0
    ],
    [
      0,
      2,
      0,
      0
    ],
    [
      0,
      1,
      1,
      0
    ],
    [
      0,
      3,
      2,
      0
    ]
  ],
  "macro_f1": 0.25757575757575757,
  "mae": 0.25506676119102173,
  "per_subject": [
    {
      "accuracy": 0.0,
      "confusion_matrix": [
        [
          0,
          1,
          0,
          0
        ],
        [
          0,
          0,
          0,
          0
        ],
        [
          0,
          1,
          0,
          0
        ],
        [
          0,
          0,
          0,
          0
        ]
      ],
      "macro_f1": 0.0,
      "mae": 0.12872010984539006,
      "quadratic_weighted_kappa": 0.0,
      "rating_level_accuracy": 1.0,
      "rating_level_confusion_matrix": [
        [
          1,
          0,
          0
        ],
        [
          0,
          1,
          0
        ],
        [
          0,
          0,
          0
        ]
      ],
      "spearman": 0.9999999999999999,
      "subject_id": "sub02"
    },
    {
      "accuracy": 1.0,
      "confusion_matrix": [
        [
          1,
          0,
          0,
          0
        ],
        [
          0,
          0,
          0,
          0
        ],
        [
          0,
          0,
          1,
          0
        ],
        [
          0,
          0,
          0,
          0
        ]
      ],
      "macro_f1": 1.0,
      "mae": 0.0930201172868782,
      "quadratic_weighted_kappa": 1.0,
      "rating_level_accuracy": 1.0,
      "rating_level_confusion_matrix": [
        [
          1,
          0,
          0
        ],
        [
          0,
          1,
          0
        ],
        [
          0,
          0,
          0
        ]
      ],
      "spearman": 0.9999999999999999,
      "subject_id": "sub03"
    },
    {
      "accuracy": 0.0,
      "confusion_matrix": [
        [
          0,
          1,
          0,
          0
        ],
        [
          0,
          0,
          0,
          0
        ],
        [
          0,
          0,
          0,
          0
        ],
        [
          0,
          1,
          0,
          0
        ]
      ],
      "macro_f1": 0.0,
      "mae": 0.2859162584950617,
      "quadratic_weighted_kappa": 0.0,
      "rating_level_accuracy": 0.5,
      "rating_level_confusion_matrix": [
        [
          1,
          0,
          0
        ],
        [
          0,
          0,
          0
        ],
        [
          0,
          1,
          0
        ]
      ],
      "spearman": 0.9999999999999999,
      "subject_id": "sub09"
    },
    {
      "accuracy": 0.0,
      "confusion_matrix": [
        [
          0,
          1,
          0,
          0
        ],
        [
          0,
          0,
          0,
          0
        ],
        [
          0,
          0,
          0,
          0
        ],
        [
          0,
          0,
          1,
          0
        ]
      ],
      "macro_f1": 0.0,
      "mae": 0.20459224470234527,
      "quadratic_weighted_kappa": 0.6,
      "rating_level_accuracy": 0.0,
      "rating_level_confusion_matrix": [
        [
          0,
          1,
          0
        ],
        [
          0,
          0,
          0
        ],
        [
          0,
          1,
          0
        ]
      ],
      "spearman": 0.9999999999999999,
      "subject_id": "sub14"
    },
    {
      "accuracy": 0.5,
      "confusion_matrix": [
        [
          0,
          0,
          0,
          0
        ],
        [
          0,
          1,
          0,
          0
        ],
        [
          0,
          0,
          0,
          0
        ],
        [
          0,
          1,
          0,
          0
        ]
      ],
      "macro_f1": 0.3333333333333333,
      "mae": 0.3358553507553631,
      "quadratic_weighted_kappa": 0.0,
      "rating_level_accuracy": 0.0,
      "rating_level_confusion_matrix": [
        [
          0,
          1,
          0
        ],
        [
          0,
          0,
          0
        ],
        [
          0,
          1,
          0
        ]
      ],
      "spearman": 0.9999999999999999,
      "subject_id": "sub34"
    },
    {
      "accuracy": 0.5,
      "confusion_matrix": [
        [
          0,
          0,
          0,
          0
        ],
        [
          0,
          1,
          0,
          0
        ],
        [
          0,
          0,
          0,
          0
        ],
        [
          0,
          1,
          0,
          0
        ]
      ],
      "macro_f1": 0.3333333333333333,
      "mae": 0.2838401567812598,
      "quadratic_weighted_kappa": 0.0,
      "rating_level_accuracy": 0.5,
      "rating_level_confusion_matrix": [
        [
          1,
          0,
          0
        ],
        [
          0,
          0,
          0
        ],
        [
          0,
          1,
          0
        ]
      ],
      "spearman": 0.9999999999999999,
      "subject_id": "sub37"
    },
    {
      "accuracy": 0.0,
      "confusion_matrix": [
        [
          0,
          0,
          1,
          0
        ],
        [
          0,
          0,
          0,
          0
        ],
        [
          0,
          0,
          0,
          0
        ],
        [
          0,
          0,
          1,
          0
        ]
      ],
      "macro_f1": 0.0,
      "mae": 0.45352309047085415,
      "quadratic_weighted_kappa": 0.0,
      "rating_level_accuracy": 0.0,
      "rating_level_confusion_matrix": [
        [
          0,
          1,
          0
        ],
        [
          0,
          0,
          0
        ],
        [
          0,
          1,
          0
        ]
      ],
      "spearman": -0.9999999999999999,
      "subject_id": "sub47"
    }
  ],
  "quadratic_weighted_kappa": 0.24137931034482762,
  "rating_level_accuracy": 0.42857142857142855,
  "rating_level_confusion_matrix": [
    [
      4,
      3,
      0
    ],
    [
      0,
      2,
      0
    ],
    [
      0,
      5,
      0
    ]
  ],
  "spearman": 0.4933638001781309
}