{
  "accuracy": 0.665,
  "balanced_accuracy": 0.6540609860359077,
  "brier_score": 0.3350722250344795,
  "confusion_matrix": [
    [
      1082,
      513
    ],
    [
      224,
      381
    ]
  ],
  "f1": 0.5083388925950634,
  "mean_probability": 0.5191148162916893,
  "per_subject": [
    {
      "accuracy": 0.4327731092436975,
      "balanced_accuracy": 0.5979280642532883,
      "brier_score": 0.5601423877293705,
      "confusion_matrix": [
        [
          93,
          262
        ],
        [
          8,
          113
        ]
      ],
      "f1": 0.45564516129032256,
      "mean_calibration_error": 0.6120235697975797,
      "mean_probability": 0.8447947664091688,
      "positive_rate": 0.2542016806722689,
      "precision": 0.30133333333333334,
      "recall": 0.9338842975206612,
      "roc_auc": 0.7796996857176114,
      "subject_id": "Subject11"
    },
    {
      "accuracy": 0.6369294605809128,
      "balanced_accuracy": 0.4307021359401113,
      "brier_score": 0.3520595800011147,
      "confusion_matrix": [
        [
          305,
          56
        ],
        [
          119,
          2
        ]
      ],
      "f1": 0.0223463687150838,
      "mean_calibration_error": 0.3903708272671982,
      "mean_probability": 0.1707927322409192,
      "positive_rate": 0.25103734439834025,
      "precision": 0.034482758620689655,
      "recall": 0.01652892561983471,
      "roc_auc": 0.4809184771410911,
      "subject_id": "Subject12"
    },
    {
      "accuracy": 0.6016597510373444,
      "balanced_accuracy": 0.6928641743549827,
      "brier_score": 0.4199207727460077,
      "confusion_matrix": [
        [
          184,
          177
        ],
        [
          15,
          106
        ]
      ],
      "f1": 0.5247524752475248,
      "mean_calibration_error": 0.5282977701150632,
      "mean_probability": 0.733758817342274,
      "positive_rate": 0.25103734439834025,
      "precision": 0.3745583038869258,
      "recall": 0.8760330578512396,
      "roc_auc": 0.7952885694008838,
      "subject_id": "Subject17"
    },
    {
      "accuracy": 0.9771784232365145,
      "balanced_accuracy": 0.9710285936677274,
      "brier_score": 0.07707626625191577,
      "confusion_matrix": [
        [
          355,
          6
        ],
        [
          5,
          116
        ]
      ],
      "f1": 0.9547325102880658,
      "mean_calibration_error": 0.17526425357930167,
      "mean_probability": 0.4028258194959979,
      "positive_rate": 0.25103734439834025,
      "precision": 0.9508196721311475,
      "recall": 0.9586776859504132,
      "roc_auc": 0.9875918591607336,
      "subject_id": "Subject21"
    },
    {
      "accuracy": 0.6798561151079137,
      "balanced_accuracy": 0.6436016213086277,
      "brier_score": 0.2204526192774749,
      "confusion_matrix": [
        [
          145,
          12
        ],
        [
          77,
          44
        ]
      ],
      "f1": 0.4971751412429379,
      "mean_calibration_error": 0.3356686774120482,
      "mean_probability": 0.3948719249452597,
      "positive_rate": 0.4352517985611511,
      "precision": 0.7857142857142857,
      "recall": 0.36363636363636365,
      "roc_auc": 0.7497499605200821,
      "subject_id": "Subject31"
    }
  ],
  "positive_rate": 0.275,
  "precision": 0.4261744966442953,
  "quality_control": {
    "accepted_windows": 2200,
    "rejected_windows": 6,
    "rejection_rate": 0.0027198549410698096,
    "rejection_reasons": {
      "extreme_amplitude": 6,
      "extreme_variance": 6
    },
    "total_windows": 2206
  },
  "recall": 0.6297520661157024,
  "roc_auc": 0.6751864037928443,
  "threshold": 0.8
}