{
  "accuracy": 0.2105095541401274,
  "confusion_matrix": [
    [
      107,
      1176,
      321,
      0
    ],
    [
      0,
      0,
      0,
      0
    ],
    [
      0,
      134,
      513,
      45
    ],
    [
      2,
      118,
      683,
      41
    ]
  ],
  "macro_f1": 0.16939065744666443,
  "mae": 0.24593875972085905,
  "per_subject": [
    {
      "accuracy": 0.0,
      "confusion_matrix": [
        [
          0,
          214,
          23,
          0
        ],
        [
          0,
          0,
          0,
          0
        ],
        [
          0,
          0,
          0,
          0
        ],
        [
          0,
          37,
          168,
          0
        ]
      ],
      "macro_f1": 0.0,
      "mae": 0.2893566714885762,
      "quadratic_weighted_kappa": 0.43376516384157515,
      "rating_level_accuracy": 0.08144796380090498,
      "rating_level_confusion_matrix": [
        [
          4,
          233,
          0
        ],
        [
          0,
          0,
          0
        ],
        [
          3,
          170,
          32
        ]
      ],
      "spearman": 0.732373924374934,
      "subject_id": "sub01"
    },
    {
      "accuracy": 0.6341463414634146,
      "confusion_matrix": [
        [
          86,
          138,
          0,
          0
        ],
        [
          0,
          0,
          0,
          0
        ],
        [
          0,
          12,
          200,
          15
        ],
        [
          0,
          0,
          0,
          0
        ]
      ],
      "macro_f1": 0.37290171489008084,
      "mae": 0.1490323528995685,
      "quadratic_weighted_kappa": 0.7924748245176152,
      "rating_level_accuracy": 0.6629711751662971,
      "rating_level_confusion_matrix": [
        [
          204,
          20,
          0
        ],
        [
          1,
          95,
          131
        ],
        [
          0,
          0,
          0
        ]
      ],
      "spearman": 0.8633855499211004,
      "subject_id": "sub12"
    },
    {
      "accuracy": 0.07936507936507936,
      "confusion_matrix": [
        [
          4,
          212,
          17,
          0
        ],
        [
          0,
          0,
          0,
          0
        ],
        [
          0,
          0,
          0,
          0
        ],
        [
          0,
          5,
          172,
          31
        ]
      ],
      "macro_f1": 0.07329237505075649,
      "mae": 0.16732206468025268,
      "quadratic_weighted_kappa": 0.5989827765576234,
      "rating_level_accuracy": 0.4603174603174603,
      "rating_level_confusion_matrix": [
        [
          75,
          158,
          0
        ],
        [
          0,
          0,
          0
        ],
        [
          0,
          80,
          128
        ]
      ],
      "spearman": 0.8534666217047567,
      "subject_id": "sub13"
    },
    {
      "accuracy": 0.4444444444444444,
      "confusion_matrix": [
        [
          0,
          24,
          189,
          0
        ],
        [
          0,
          0,
          0,
          0
        ],
        [
          0,
          9,
          196,
          23
        ],
        [
          0,
          0,
          0,
          0
        ]
      ],
      "macro_f1": 0.1598694942903752,
      "mae": 0.35186739896014824,
      "quadratic_weighted_kappa": 0.08628555681435446,
      "rating_level_accuracy": 0.19501133786848074,
      "rating_level_confusion_matrix": [
        [
          1,
          163,
          49
        ],
        [
          1,
          85,
          142
        ],
        [
          0,
          0,
          0
        ]
      ],
      "spearman": 0.48362835978366386,
      "subject_id": "sub15"
    },
    {
      "accuracy": 0.03146067415730337,
      "confusion_matrix": [
        [
          9,
          217,
          11,
          0
        ],
        [
          0,
          0,
          0,
          0
        ],
        [
          0,
          0,
          0,
          0
        ],
        [
          2,
          46,
          155,
          5
        ]
      ],
      "macro_f1": 0.029882250492200516,
      "mae": 0.23682265587722134,
      "quadratic_weighted_kappa": 0.45466983938132066,
      "rating_level_accuracy": 0.3842696629213483,
      "rating_level_confusion_matrix": [
        [
          118,
          119,
          0
        ],
        [
          0,
          0,
          0
        ],
        [
          7,
          148,
          53
        ]
      ],
      "spearman": 0.7477486490557296,
      "subject_id": "sub20"
    },
    {
      "accuracy": 0.26382978723404255,
      "confusion_matrix": [
        [
          7,
          210,
          16,
          0
        ],
        [
          0,
          0,
          0,
          0
        ],
        [
          0,
          113,
          117,
          7
        ],
        [
          0,
          0,
          0,
          0
        ]
      ],
      "macro_f1": 0.17269144144144144,
      "mae": 0.24314781028733748,
      "quadratic_weighted_kappa": 0.38012987882439586,
      "rating_level_accuracy": 0.5680851063829787,
      "rating_level_confusion_matrix": [
        [
          95,
          138,
          0
        ],
        [
          28,
          172,
          37
        ],
        [
          0,
          0,
          0
        ]
      ],
      "spearman": 0.4931947664679865,
      "subject_id": "sub23"
    },
    {
      "accuracy": 0.013333333333333334,
      "confusion_matrix": [
        [
          1,
          161,
          65,
          0
        ],
        [
          0,
          0,
          0,
          0
        ],
        [
          0,
          0,
          0,
          0
        ],
        [
          0,
          30,
          188,
          5
        ]
      ],
      "macro_f1": 0.013157894736842105,
      "mae": 0.28557857644891643,
      "quadratic_weighted_kappa": 0.35939495483251127,
      "rating_level_accuracy": 0.18888888888888888,
      "rating_level_confusion_matrix": [
        [
          29,
          194,
          4
        ],
        [
          0,
          0,
          0
        ],
        [
          5,
          162,
          56
        ]
      ],
      "spearman": 0.6455816799229663,
      "subject_id": "sub36"
    }
  ],
  "quadratic_weighted_kappa": 0.44440050279153276,
  "quality_control": {
    "accepted_windows": 3140,
    "rejected_windows": 178,
    "rejection_rate": 0.05364677516576251,
    "rejection_reasons": {
      "extreme_amplitude": 176,
      "extreme_variance": 124
    },
    "total_windows": 3318
  },
  "rating_level_accuracy": 0.36528662420382163,
  "rating_level_confusion_matrix": [
    [
      526,
      1025,
      53
    ],
    [
      30,
      352,
      310
    ],
    [
      15,
      560,
      269
    ]
  ],
  "spearman": 0.5799466564570589
}