{
  "accuracy": 0.25193548387096776,
  "confusion_matrix": [
    [
      309,
      602,
      226,
      7
    ],
    [
      184,
      244,
      12,
      0
    ],
    [
      14,
      248,
      206,
      6
    ],
    [
      22,
      560,
      438,
      22
    ]
  ],
  "macro_f1": 0.23678303185558833,
  "mae": 0.2639892888600435,
  "per_subject": [
    {
      "accuracy": 0.5095137420718816,
      "confusion_matrix": [
        [
          120,
          115,
          1,
          0
        ],
        [
          0,
          0,
          0,
          0
        ],
        [
          11,
          99,
          121,
          6
        ],
        [
          0,
          0,
          0,
          0
        ]
      ],
      "macro_f1": 0.33201141529984135,
      "mae": 0.16897839109148535,
      "quadratic_weighted_kappa": 0.6426606228717047,
      "rating_level_accuracy": 0.7484143763213531,
      "rating_level_confusion_matrix": [
        [
          210,
          26,
          0
        ],
        [
          48,
          144,
          45
        ],
        [
          0,
          0,
          0
        ]
      ],
      "spearman": 0.7260236395527486,
      "subject_id": "sub02"
    },
    {
      "accuracy": 0.4774193548387097,
      "confusion_matrix": [
        [
          137,
          91,
          0,
          0
        ],
        [
          0,
          0,
          0,
          0
        ],
        [
          3,
          149,
          85,
          0
        ],
        [
          0,
          0,
          0,
          0
        ]
      ],
      "macro_f1": 0.4241718426501035,
      "mae": 0.12229863308029003,
      "quadratic_weighted_kappa": 0.6359060402684564,
      "rating_level_accuracy": 0.9311827956989247,
      "rating_level_confusion_matrix": [
        [
          218,
          10,
          0
        ],
        [
          18,
          215,
          4
        ],
        [
          0,
          0,
          0
        ]
      ],
      "spearman": 0.8325996512398492,
      "subject_id": "sub03"
    },
    {
      "accuracy": 0.09251101321585903,
      "confusion_matrix": [
        [
          42,
          173,
          5,
          0
        ],
        [
          0,
          0,
          0,
          0
        ],
        [
          0,
          0,
          0,
          0
        ],
        [
          9,
          192,
          33,
          0
        ]
      ],
      "macro_f1": 0.07749077490774908,
      "mae": 0.32970816399745867,
      "quadratic_weighted_kappa": 0.1462851465335382,
      "rating_level_accuracy": 0.34140969162995594,
      "rating_level_confusion_matrix": [
        [
          152,
          68,
          0
        ],
        [
          0,
          0,
          0
        ],
        [
          92,
          139,
          3
        ]
      ],
      "spearman": 0.3671972504430755,
      "subject_id": "sub09"
    },
    {
      "accuracy": 0.03648068669527897,
      "confusion_matrix": [
        [
          9,
          146,
          77,
          1
        ],
        [
          0,
          0,
          0,
          0
        ],
        [
          0,
          0,
          0,
          0
        ],
        [
          0,
          45,
          180,
          8
        ]
      ],
      "macro_f1": 0.03512396694214876,
      "mae": 0.23102667179615877,
      "quadratic_weighted_kappa": 0.31473771856786015,
      "rating_level_accuracy": 0.2703862660944206,
      "rating_level_confusion_matrix": [
        [
          53,
          169,
          11
        ],
        [
          0,
          0,
          0
        ],
        [
          3,
          157,
          73
        ]
      ],
      "spearman": 0.5370298282747692,
      "subject_id": "sub14"
    },
    {
      "accuracy": 0.4515235457063712,
      "confusion_matrix": [
        [
          0,
          0,
          0,
          0
        ],
        [
          52,
          163,
          9,
          0
        ],
        [
          0,
          0,
          0,
          0
        ],
        [
          0,
          80,
          57,
          0
        ]
      ],
      "macro_f1": 0.1745182012847966,
      "mae": 0.2667234077012546,
      "quadratic_weighted_kappa": 0.32066473615920665,
      "rating_level_accuracy": 0.42382271468144045,
      "rating_level_confusion_matrix": [
        [
          151,
          73,
          0
        ],
        [
          0,
          0,
          0
        ],
        [
          11,
          124,
          2
        ]
      ],
      "spearman": 0.6382653535145633,
      "subject_id": "sub34"
    },
    {
      "accuracy": 0.18243243243243243,
      "confusion_matrix": [
        [
          0,
          0,
          0,
          0
        ],
        [
          132,
          81,
          3,
          0
        ],
        [
          0,
          0,
          0,
          0
        ],
        [
          7,
          180,
          41,
          0
        ]
      ],
      "macro_f1": 0.08490566037735849,
      "mae": 0.3053606907281533,
      "quadratic_weighted_kappa": 0.25666701581648677,
      "rating_level_accuracy": 0.44144144144144143,
      "rating_level_confusion_matrix": [
        [
          196,
          20,
          0
        ],
        [
          0,
          0,
          0
        ],
        [
          61,
          167,
          0
        ]
      ],
      "spearman": 0.7372819648756561,
      "subject_id": "sub37"
    },
    {
      "accuracy": 0.034324942791762014,
      "confusion_matrix": [
        [
          1,
          77,
          143,
          6
        ],
        [
          0,
          0,
          0,
          0
        ],
        [
          0,
          0,
          0,
          0
        ],
        [
          6,
          63,
          127,
          14
        ]
      ],
      "macro_f1": 0.03257153474544779,
      "mae": 0.44017830600049945,
      "quadratic_weighted_kappa": 0.017608295569232046,
      "rating_level_accuracy": 0.1853546910755149,
      "rating_level_confusion_matrix": [
        [
          15,
          161,
          51
        ],
        [
          0,
          0,
          0
        ],
        [
          27,
          117,
          66
        ]
      ],
      "spearman": 0.04857847315595997,
      "subject_id": "sub47"
    }
  ],
  "quadratic_weighted_kappa": 0.28774015177699974,
  "quality_control": {
    "accepted_windows": 3100,
    "rejected_windows": 218,
    "rejection_rate": 0.06570223025919228,
    "rejection_reasons": {
      "extreme_amplitude": 206,
      "extreme_variance": 172
    },
    "total_windows": 3318
  },
  "rating_level_accuracy": 0.4832258064516129,
  "rating_level_confusion_matrix": [
    [
      995,
      527,
      62
    ],
    [
      66,
      359,
      49
    ],
    [
      194,
      704,
      144
    ]
  ],
  "spearman": 0.40664688583140207
}