{
  "accuracy": 0.28549894482966537,
  "confusion_matrix": [
    [
      354,
      537,
      281,
      13
    ],
    [
      141,
      312,
      19,
      1
    ],
    [
      19,
      206,
      245,
      4
    ],
    [
      16,
      697,
      436,
      36
    ]
  ],
  "macro_f1": 0.2720396415339725,
  "mae": 0.27731280392104163,
  "per_subject": [
    {
      "accuracy": 0.39451476793248946,
      "confusion_matrix": [
        [
          101,
          134,
          2,
          0
        ],
        [
          0,
          0,
          0,
          0
        ],
        [
          19,
          129,
          86,
          3
        ],
        [
          0,
          0,
          0,
          0
        ]
      ],
      "macro_f1": 0.2737642749407455,
      "mae": 0.1765871064695996,
      "quadratic_weighted_kappa": 0.49567723342939485,
      "rating_level_accuracy": 0.7510548523206751,
      "rating_level_confusion_matrix": [
        [
          201,
          36,
          0
        ],
        [
          67,
          155,
          15
        ],
        [
          0,
          0,
          0
        ]
      ],
      "spearman": 0.6061221675567026,
      "subject_id": "sub02"
    },
    {
      "accuracy": 0.6940928270042194,
      "confusion_matrix": [
        [
          170,
          67,
          0,
          0
        ],
        [
          0,
          0,
          0,
          0
        ],
        [
          0,
          77,
          159,
          1
        ],
        [
          0,
          0,
          0,
          0
        ]
      ],
      "macro_f1": 0.4096027846027846,
      "mae": 0.1181058210465955,
      "quadratic_weighted_kappa": 0.8203221809169765,
      "rating_level_accuracy": 0.9472573839662447,
      "rating_level_confusion_matrix": [
        [
          233,
          4,
          0
        ],
        [
          2,
          216,
          19
        ],
        [
          0,
          0,
          0
        ]
      ],
      "spearman": 0.8641154688467422,
      "subject_id": "sub03"
    },
    {
      "accuracy": 0.16877637130801687,
      "confusion_matrix": [
        [
          80,
          155,
          2,
          0
        ],
        [
          0,
          0,
          0,
          0
        ],
        [
          0,
          0,
          0,
          0
        ],
        [
          6,
          185,
          46,
          0
        ]
      ],
      "macro_f1": 0.1238390092879257,
      "mae": 0.2912289798471116,
      "quadratic_weighted_kappa": 0.26086956521739135,
      "rating_level_accuracy": 0.43670886075949367,
      "rating_level_confusion_matrix": [
        [
          202,
          35,
          0
        ],
        [
          0,
          0,
          0
        ],
        [
          79,
          153,
          5
        ]
      ],
      "spearman": 0.6200138343961825,
      "subject_id": "sub09"
    },
    {
      "accuracy": 0.016877637130801686,
      "confusion_matrix": [
        [
          3,
          144,
          90,
          0
        ],
        [
          0,
          0,
          0,
          0
        ],
        [
          0,
          0,
          0,
          0
        ],
        [
          0,
          62,
          170,
          5
        ]
      ],
      "macro_f1": 0.016580578512396693,
      "mae": 0.24953825856576095,
      "quadratic_weighted_kappa": 0.23230641132389673,
      "rating_level_accuracy": 0.229957805907173,
      "rating_level_confusion_matrix": [
        [
          44,
          184,
          9
        ],
        [
          0,
          0,
          0
        ],
        [
          6,
          166,
          65
        ]
      ],
      "spearman": 0.4419331195209952,
      "subject_id": "sub14"
    },
    {
      "accuracy": 0.42616033755274263,
      "confusion_matrix": [
        [
          0,
          0,
          0,
          0
        ],
        [
          20,
          202,
          15,
          0
        ],
        [
          0,
          0,
          0,
          0
        ],
        [
          7,
          170,
          60,
          0
        ]
      ],
      "macro_f1": 0.16584564860426929,
      "mae": 0.3448107177618257,
      "quadratic_weighted_kappa": 0.12159329140461217,
      "rating_level_accuracy": 0.2552742616033755,
      "rating_level_confusion_matrix": [
        [
          118,
          119,
          0
        ],
        [
          0,
          0,
          0
        ],
        [
          44,
          190,
          3
        ]
      ],
      "spearman": 0.3797975973610813,
      "subject_id": "sub34"
    },
    {
      "accuracy": 0.23255813953488372,
      "confusion_matrix": [
        [
          0,
          0,
          0,
          0
        ],
        [
          121,
          110,
          4,
          1
        ],
        [
          0,
          0,
          0,
          0
        ],
        [
          3,
          210,
          24,
          0
        ]
      ],
      "macro_f1": 0.09892086330935251,
      "mae": 0.30421251199083554,
      "quadratic_weighted_kappa": 0.2107691099681991,
      "rating_level_accuracy": 0.4587737843551797,
      "rating_level_confusion_matrix": [
        [
          217,
          18,
          1
        ],
        [
          0,
          0,
          0
        ],
        [
          63,
          174,
          0
        ]
      ],
      "spearman": 0.7250632483804923,
      "subject_id": "sub37"
    },
    {
      "accuracy": 0.06540084388185655,
      "confusion_matrix": [
        [
          0,
          37,
          187,
          13
        ],
        [
          0,
          0,
          0,
          0
        ],
        [
          0,
          0,
          0,
          0
        ],
        [
          0,
          70,
          136,
          31
        ]
      ],
      "macro_f1": 0.05516014234875445,
      "mae": 0.4567629822045282,
      "quadratic_weighted_kappa": -0.0353495679497251,
      "rating_level_accuracy": 0.1751054852320675,
      "rating_level_confusion_matrix": [
        [
          4,
          160,
          73
        ],
        [
          0,
          0,
          0
        ],
        [
          21,
          137,
          79
        ]
      ],
      "spearman": -0.08641925600653029,
      "subject_id": "sub47"
    }
  ],
  "quadratic_weighted_kappa": 0.26045663643194716,
  "quality_control": {
    "accepted_windows": 3317,
    "rejected_windows": 1,
    "rejection_rate": 0.0003013863773357444,
    "rejection_reasons": {
      "extreme_amplitude": 1
    },
    "total_windows": 3318
  },
  "rating_level_accuracy": 0.46487790171842025,
  "rating_level_confusion_matrix": [
    [
      1019,
      556,
      83
    ],
    [
      69,
      371,
      34
    ],
    [
      213,
      820,
      152
    ]
  ],
  "spearman": 0.36660445417137416
}