{
  "channel_names": [
    "Fp1",
    "Fp2",
    "F3",
    "F4",
    "F7",
    "F8",
    "T7",
    "T8",
    "C3",
    "C4",
    "P7",
    "P8",
    "P3",
    "P4",
    "O1",
    "O2",
    "Fz",
    "Cz",
    "Pz",
    "ECG ECG"
  ],
  "engine_config": {
    "alpha_base": 0.36613824745044476,
    "alpha_concentration": 0.7908650132035548,
    "alpha_stress": -0.2784341429208413,
    "beta_base": -0.31803397484400003,
    "beta_concentration": 1.203861914436888,
    "beta_stress": 0.79999999999,
    "channel_offset_step": 0.01,
    "drift_base": -1.7139320233080007,
    "drift_stress": 0.531966,
    "noise_base": 0.03999999953195212,
    "noise_stress": 0.03000871206760043,
    "theta_base": -0.740105194505987,
    "theta_concentration": -0.27766325722066676,
    "theta_stress": 0.5999999929709396
  },
  "iterations": 3,
  "objective": 0.1157300180792969,
  "sample_rate": 250.0,
  "task_name": "concentration"
}